dt,open,close,high,low,volume
2026-03-26 13:30,1302.3,1291.29,1302.87,1288.22,1027415.0
2026-03-26 14:00,1291.06,1288.98,1294.22,1288.62,670820.0
2026-03-26 14:30,1288.95,1287.55,1292.45,1286.35,749036.0
2026-03-26 15:00,1287.53,1288.81,1290.87,1285.38,1016601.0
2026-03-27 10:00,1265.53,1281.95,1281.95,1265.53,2449612.0
2026-03-27 10:30,1282.13,1292.83,1292.89,1281.43,945321.0
2026-03-27 11:00,1293.22,1290.72,1297.0,1288.7,915159.0
2026-03-27 11:30,1290.75,1295.86,1296.59,1290.75,499065.0
2026-03-27 13:30,1295.86,1304.52,1308.94,1295.86,1133343.0
2026-03-27 14:00,1304.62,1300.6,1308.78,1300.4,703153.0
2026-03-27 14:30,1300.58,1298.51,1301.58,1298.37,1001051.0
2026-03-27 15:00,1298.63,1300.76,1302.77,1298.51,956366.0
2026-03-30 10:00,1278.99,1273.91,1290.11,1273.41,3423465.0
2026-03-30 10:30,1273.81,1271.43,1276.8,1269.32,1401877.0
2026-03-30 11:00,1271.54,1282.12,1282.24,1270.55,887916.0
2026-03-30 11:30,1282.15,1292.45,1293.47,1281.9,699885.0
2026-03-30 13:30,1292.45,1288.56,1294.54,1286.97,762895.0
2026-03-30 14:00,1288.39,1289.83,1292.51,1285.13,628443.0
2026-03-30 14:30,1289.88,1288.21,1291.62,1287.43,592771.0
2026-03-30 15:00,1288.19,1289.78,1290.86,1287.54,959952.0
2026-03-31 10:00,1283.9,1293.54,1293.56,1283.34,2855157.0
2026-03-31 10:30,1293.43,1287.48,1296.03,1287.16,1141001.0
2026-03-31 11:00,1287.31,1277.31,1288.9,1277.31,1049016.0
2026-03-31 11:30,1277.48,1268.05,1278.16,1266.33,951076.0
2026-03-31 13:30,1268.05,1271.19,1272.08,1265.77,659263.0
2026-03-31 14:00,1271.17,1270.18,1275.69,1269.97,651461.0
2026-03-31 14:30,1269.98,1261.26,1269.98,1261.12,896726.0
2026-03-31 15:00,1261.25,1256.33,1263.63,1256.33,1379490.0
2026-04-01 10:00,1290.64,1282.65,1293.54,1282.65,2921453.0
2026-04-01 10:30,1282.73,1290.46,1294.82,1282.31,1421572.0
2026-04-01 11:00,1290.44,1293.98,1295.88,1289.52,1036850.0
2026-04-01 11:30,1294.17,1293.48,1297.06,1292.83,1127451.0
2026-04-01 13:30,1293.48,1301.11,1301.3,1293.42,1105282.0
2026-04-01 14:00,1301.47,1291.84,1302.87,1290.86,720008.0
2026-04-01 14:30,1292.11,1296.4,1297.09,1291.32,537284.0
2026-04-01 15:00,1296.25,1298.2,1299.03,1294.93,956561.0
2026-04-02 10:00,1294.63,1281.5,1294.63,1280.49,1959158.0
2026-04-02 10:30,1281.33,1272.1,1282.84,1270.26,1208962.0
2026-04-02 11:00,1272.09,1273.41,1275.35,1267.04,792826.0
2026-04-02 11:30,1273.39,1268.9,1275.2,1268.01,526312.0
2026-04-02 13:30,1268.9,1263.44,1268.9,1260.52,770875.0
2026-04-02 14:00,1263.47,1257.33,1263.81,1256.83,711446.0
2026-04-02 14:30,1257.27,1262.67,1265.54,1254.62,777385.0
2026-04-02 15:00,1262.3,1262.18,1263.42,1258.21,841150.0
2026-04-03 10:00,1270.94,1260.59,1272.84,1259.9,1634968.0
2026-04-03 10:30,1260.71,1264.81,1264.82,1255.1,1191789.0
2026-04-03 11:00,1264.85,1266.22,1269.35,1264.74,660202.0
2026-04-03 11:30,1265.69,1258.89,1265.69,1258.66,566396.0
2026-04-03 13:30,1258.89,1257.24,1259.78,1254.76,551294.0
2026-04-03 14:00,1257.25,1266.26,1266.29,1257.0,507606.0
2026-04-03 14:30,1266.32,1259.62,1269.63,1259.27,655443.0
2026-04-03 15:00,1259.68,1256.21,1260.53,1256.21,938723.0
2026-04-07 10:00,1261.71,1282.18,1282.88,1261.71,1882514.0
2026-04-07 10:30,1281.62,1276.58,1282.62,1275.4,827296.0
2026-04-07 11:00,1276.79,1277.44,1278.9,1272.94,618662.0
2026-04-07 11:30,1277.78,1276.7,1286.53,1276.66,808134.0
2026-04-07 13:30,1276.7,1272.7,1279.44,1269.81,555733.0
2026-04-07 14:00,1272.76,1277.63,1278.3,1272.66,475744.0
2026-04-07 14:30,1277.72,1276.28,1278.11,1274.35,448025.0
2026-04-07 15:00,1276.27,1274.01,1276.73,1272.9,706241.0
2026-04-08 10:00,1317.28,1322.63,1328.47,1316.63,3559355.0
2026-04-08 10:30,1322.72,1324.78,1328.02,1320.51,1224377.0
2026-04-08 11:00,1324.81,1332.59,1333.91,1324.73,1193128.0
2026-04-08 11:30,1332.54,1338.3,1339.53,1332.4,1018722.0
2026-04-08 13:30,1338.3,1345.6,1348.85,1336.99,1101260.0
2026-04-08 14:00,1345.72,1346.72,1352.28,1344.71,1139073.0
2026-04-08 14:30,1346.67,1347.35,1349.03,1343.39,874855.0
2026-04-08 15:00,1347.24,1352.69,1352.69,1346.83,1311798.0
2026-04-09 10:00,1335.29,1354.52,1357.12,1333.01,2578639.0
2026-04-09 10:30,1354.44,1353.93,1362.6,1353.08,1111976.0
2026-04-09 11:00,1353.98,1359.33,1362.91,1351.91,812202.0
2026-04-09 11:30,1359.31,1350.03,1359.8,1349.9,642304.0
2026-04-09 13:30,1350.03,1343.51,1350.38,1341.29,765143.0
2026-04-09 14:00,1343.42,1348.58,1351.23,1342.76,515784.0
2026-04-09 14:30,1348.47,1345.13,1349.1,1344.1,512180.0
2026-04-09 15:00,1345.05,1343.95,1345.13,1342.35,908282.0
2026-04-10 10:00,1363.58,1380.34,1380.34,1363.58,2727952.0
2026-04-10 10:30,1380.44,1374.59,1382.94,1372.76,1294523.0
2026-04-10 11:00,1374.07,1373.25,1378.12,1370.68,816690.0
2026-04-10 11:30,1373.29,1367.01,1375.57,1366.34,689633.0
2026-04-10 13:30,1367.01,1364.09,1371.57,1362.4,680146.0
2026-04-10 14:00,1364.01,1372.18,1374.47,1362.86,648415.0
2026-04-10 14:30,1372.12,1368.97,1372.76,1367.21,577969.0
2026-04-10 15:00,1369.14,1364.49,1370.48,1363.62,1036331.0
2026-04-13 10:00,1358.46,1387.91,1388.22,1358.46,2497352.0
2026-04-13 10:30,1387.62,1386.0,1396.0,1384.31,1288355.0
2026-04-13 11:00,1385.8,1383.35,1388.34,1380.43,748229.0
2026-04-13 11:30,1383.17,1376.95,1386.08,1375.05,658782.0
2026-04-13 13:30,1376.95,1379.58,1381.69,1372.96,971482.0
2026-04-13 14:00,1379.63,1377.25,1382.74,1377.12,1185109.0
2026-04-13 14:30,1377.28,1375.46,1381.64,1375.19,608145.0
2026-04-13 15:00,1375.55,1375.29,1375.6,1372.37,1061440.0
2026-04-14 10:00,1398.4,1400.15,1402.52,1390.67,2646338.0
2026-04-14 10:30,1400.24,1405.54,1406.83,1396.19,1272123.0
2026-04-14 11:00,1405.37,1405.73,1409.27,1402.14,1126887.0
2026-04-14 11:30,1405.88,1409.12,1409.85,1402.36,707216.0
2026-04-14 13:30,1409.12,1392.31,1409.41,1390.81,957853.0
2026-04-14 14:00,1392.43,1390.41,1393.57,1387.42,737992.0
2026-04-14 14:30,1390.47,1393.09,1394.71,1389.03,677956.0
2026-04-14 15:00,1393.02,1405.07,1405.97,1393.02,1176294.0
2026-04-15 10:00,1415.39,1424.17,1424.17,1410.6,2669868.0
2026-04-15 10:30,1424.4,1422.16,1427.46,1417.53,1266396.0
2026-04-15 11:00,1421.95,1427.49,1433.35,1420.36,1260292.0
2026-04-15 11:30,1427.19,1424.71,1427.19,1419.45,676848.0
2026-04-15 13:30,1424.71,1415.98,1431.49,1415.37,827890.0
2026-04-15 14:00,1415.88,1417.68,1418.27,1412.52,782666.0
2026-04-15 14:30,1417.64,1408.89,1419.03,1408.45,780894.0
2026-04-15 15:00,1409.1,1406.32,1410.06,1399.75,1282809.0
2026-04-16 10:00,1406.32,1412.3,1413.57,1402.2,2195764.0
2026-04-16 10:30,1412.34,1413.68,1418.86,1412.34,1169958.0
2026-04-16 11:00,1413.54,1417.65,1419.9,1413.26,783490.0
2026-04-16 11:30,1417.6,1418.06,1422.21,1416.21,899076.0
2026-04-16 13:30,1418.06,1412.63,1419.84,1403.79,1586171.0
2026-04-16 14:00,1412.5,1415.52,1416.67,1406.49,980938.0
2026-04-16 14:30,1415.55,1417.92,1420.4,1412.19,918360.0
2026-04-16 15:00,1418.16,1422.23,1424.17,1418.16,1472014.0
2026-04-17 10:00,1414.87,1424.89,1431.81,1413.58,3005186.0
2026-04-17 10:30,1425.0,1429.77,1431.8,1416.4,1429857.0
2026-04-17 11:00,1430.01,1428.69,1433.8,1423.58,1115172.0
2026-04-17 11:30,1428.75,1422.37,1429.61,1421.82,641560.0
2026-04-17 13:30,1422.37,1421.38,1422.91,1416.31,787862.0
2026-04-17 14:00,1421.69,1425.32,1427.42,1419.39,696861.0
2026-04-17 14:30,1425.31,1422.4,1428.01,1420.85,724442.0
2026-04-17 15:00,1422.61,1423.35,1424.79,1420.65,1234113.0
2026-04-20 10:00,1426.89,1446.55,1446.58,1426.03,3698133.0
2026-04-20 10:30,1446.49,1444.85,1449.41,1437.14,1568719.0
2026-04-20 11:00,1444.94,1450.23,1450.23,1443.81,1143414.0
2026-04-20 11:30,1450.31,1446.65,1451.39,1438.69,933633.0
2026-04-20 13:30,1446.65,1446.52,1450.85,1443.73,944294.0
2026-04-20 14:00,1446.76,1443.51,1447.11,1440.22,976905.0
2026-04-20 14:30,1443.6,1445.8,1447.8,1443.13,635809.0
2026-04-20 15:00,1445.76,1450.52,1450.93,1445.71,1374939.0
2026-04-21 10:00,1445.2,1426.21,1445.54,1416.0,3402496.0
2026-04-21 10:30,1426.33,1420.65,1426.63,1417.57,1357334.0
2026-04-21 11:00,1420.61,1424.64,1425.69,1418.13,1027738.0
2026-04-21 11:30,1424.47,1416.17,1426.19,1415.98,731078.0
2026-04-21 13:30,1416.17,1425.16,1426.0,1415.6,798891.0
2026-04-21 14:00,1425.01,1427.25,1433.7,1424.97,729033.0
2026-04-21 14:30,1427.34,1427.01,1427.61,1422.83,628663.0
2026-04-21 15:00,1426.9,1426.68,1428.41,1425.4,976337.0
2026-04-22 10:00,1420.78,1428.71,1436.65,1420.24,2454056.0
2026-04-22 10:30,1428.53,1435.83,1437.73,1423.73,1616745.0
2026-04-22 11:00,1435.88,1430.91,1437.72,1430.53,968197.0
2026-04-22 11:30,1430.84,1435.23,1435.23,1427.51,613174.0
2026-04-22 13:30,1435.23,1440.4,1441.2,1433.97,980177.0
2026-04-22 14:00,1440.65,1441.89,1443.24,1438.89,1007074.0
2026-04-22 14:30,1441.88,1446.65,1447.22,1440.99,828845.0
2026-04-22 15:00,1446.64,1451.14,1451.46,1446.03,1337693.0
2026-04-23 10:00,1466.12,1445.82,1467.7,1444.78,3905026.0
2026-04-23 10:30,1445.88,1449.4,1459.31,1445.16,2033208.0
2026-04-23 11:00,1449.3,1437.01,1452.0,1432.4,1055679.0
2026-04-23 11:30,1436.97,1419.62,1438.0,1419.4,1031180.0
2026-04-23 13:30,1419.62,1425.44,1433.54,1419.01,941953.0
2026-04-23 14:00,1425.33,1438.3,1438.44,1424.56,751875.0
2026-04-23 14:30,1438.49,1428.15,1440.23,1428.15,702363.0
2026-04-23 15:00,1427.98,1432.59,1436.16,1427.52,1025256.0
2026-04-24 10:00,1443.04,1430.47,1456.4,1426.12,3274797.0
2026-04-24 10:30,1430.16,1420.42,1430.88,1417.21,1384117.0
2026-04-24 11:00,1420.4,1457.5,1457.5,1420.23,1455411.0
2026-04-24 11:30,1457.35,1458.31,1459.14,1439.98,1113626.0
2026-04-24 13:30,1458.31,1464.44,1472.96,1453.11,1471842.0
2026-04-24 14:00,1464.45,1450.71,1464.97,1450.58,777299.0
2026-04-24 14:30,1450.74,1460.15,1463.92,1450.74,814813.0
2026-04-24 15:00,1460.01,1453.69,1462.04,1452.42,1121501.0
2026-04-27 10:00,1478.31,1492.23,1492.23,1466.66,4809702.0
2026-04-27 10:30,1492.26,1508.41,1508.5,1489.3,2095062.0
2026-04-27 11:00,1508.1,1499.31,1509.2,1497.99,1345107.0
2026-04-27 11:30,1499.41,1503.95,1504.99,1493.85,869900.0
2026-04-27 13:30,1503.95,1512.84,1513.01,1501.37,1423991.0
2026-04-27 14:00,1512.98,1505.99,1515.28,1502.97,911967.0
2026-04-27 14:30,1506.04,1508.18,1509.89,1503.43,791462.0
2026-04-27 15:00,1508.17,1508.38,1510.15,1505.0,1313347.0
2026-04-28 10:00,1497.32,1518.78,1525.34,1496.15,4146316.0
2026-04-28 10:30,1518.77,1507.12,1518.77,1503.76,1686671.0
2026-04-28 11:00,1507.13,1500.77,1507.45,1498.71,1043047.0
2026-04-28 11:30,1500.85,1505.11,1506.59,1498.87,632474.0
2026-04-28 13:30,1505.11,1499.05,1507.44,1495.48,962931.0
2026-04-28 14:00,1499.06,1490.23,1499.08,1487.51,1159031.0
2026-04-28 14:30,1490.09,1482.68,1494.16,1482.57,919670.0
2026-04-28 15:00,1482.67,1488.66,1488.66,1479.67,1375368.0
2026-04-29 10:00,1474.12,1464.21,1486.85,1464.21,3202099.0
2026-04-29 10:30,1464.19,1475.75,1475.75,1451.71,1954321.0
2026-04-29 11:00,1475.87,1482.1,1484.2,1474.22,1112586.0
2026-04-29 11:30,1482.13,1483.84,1488.05,1479.67,1103242.0
2026-04-29 13:30,1483.84,1488.79,1490.14,1481.62,1066103.0
2026-04-29 14:00,1488.8,1492.26,1494.8,1486.37,844045.0
2026-04-29 14:30,1492.11,1492.5,1495.01,1490.1,853368.0
2026-04-29 15:00,1492.37,1493.5,1494.02,1490.92,1321457.0
2026-04-30 10:00,1511.39,1537.25,1539.85,1511.39,4757603.0
2026-04-30 10:30,1537.57,1540.17,1540.17,1524.0,1673181.0
2026-04-30 11:00,1540.26,1556.0,1556.0,1537.56,1443057.0
2026-04-30 11:30,1555.81,1563.86,1572.36,1550.48,1492718.0
2026-04-30 13:30,1563.86,1557.1,1563.86,1550.63,1328181.0
2026-04-30 14:00,1557.24,1568.83,1568.92,1556.81,1133119.0
2026-04-30 14:30,1568.91,1576.67,1577.21,1568.66,1529401.0
2026-04-30 15:00,1576.75,1571.07,1580.52,1571.07,1752352.0
2026-05-06 10:00,1634.31,1706.09,1706.88,1631.65,6317200.0
2026-05-06 10:30,1706.0,1707.15,1715.08,1691.42,2605970.0
2026-05-06 11:00,1707.54,1696.2,1710.84,1687.09,1673008.0
2026-05-06 11:30,1696.49,1700.61,1706.04,1696.49,1035257.0
2026-05-06 13:30,1700.61,1688.01,1704.44,1687.6,1842755.0
2026-05-06 14:00,1687.64,1675.69,1689.51,1675.48,1330095.0
2026-05-06 14:30,1675.36,1660.66,1675.64,1650.07,1815891.0
2026-05-06 15:00,1659.96,1656.95,1663.3,1655.58,1680872.0
2026-05-07 10:00,1663.16,1661.12,1665.14,1646.94,4328527.0
2026-05-07 10:30,1660.95,1658.51,1665.79,1647.66,1810845.0
2026-05-07 11:00,1658.24,1661.44,1665.17,1654.18,1436448.0
2026-05-07 11:30,1660.93,1663.93,1664.41,1656.49,1111384.0
2026-05-07 13:30,1663.93,1674.56,1681.0,1663.87,1752513.0
2026-05-07 14:00,1674.86,1669.96,1678.48,1669.89,962191.0
2026-05-07 14:30,1669.66,1678.99,1679.61,1669.41,934785.0
2026-05-07 15:00,1679.09,1678.89,1682.22,1675.15,1593370.0
2026-05-08 10:00,1653.31,1651.31,1655.57,1640.05,4340925.0
2026-05-08 10:30,1651.19,1638.0,1653.07,1638.0,1829149.0
2026-05-08 11:00,1637.86,1633.57,1644.18,1632.46,1299150.0
2026-05-08 11:30,1632.96,1630.25,1635.32,1625.61,1169456.0
2026-05-08 13:30,1630.25,1646.55,1646.55,1630.25,2048881.0
2026-05-08 14:00,1646.63,1639.38,1646.88,1638.26,1456516.0
2026-05-08 14:30,1639.23,1640.05,1641.86,1637.21,1214947.0
2026-05-08 15:00,1640.26,1640.46,1641.08,1636.58,1646050.0
2026-05-11 10:00,1687.64,1691.14,1699.73,1669.73,5887653.0
2026-05-11 10:30,1690.64,1703.36,1703.41,1687.61,2432226.0
2026-05-11 11:00,1703.39,1722.02,1722.56,1699.93,2162727.0
2026-05-11 11:30,1721.93,1726.98,1726.98,1715.21,1806596.0
2026-05-11 13:30,1726.98,1706.22,1727.3,1700.95,2035191.0
2026-05-11 14:00,1706.36,1716.92,1718.36,1704.83,1207348.0
2026-05-11 14:30,1716.9,1714.01,1720.66,1709.54,1109303.0
2026-05-11 15:00,1714.1,1716.69,1717.2,1709.5,1653014.0
2026-05-12 10:00,1708.21,1703.44,1713.04,1687.96,5255616.0
2026-05-12 10:30,1703.55,1719.17,1719.17,1699.64,2293601.0
2026-05-12 11:00,1719.23,1736.64,1747.17,1719.23,2772094.0
2026-05-12 11:30,1737.13,1712.75,1739.34,1709.85,1489872.0
2026-05-12 13:30,1712.75,1723.24,1725.6,1702.22,1504035.0
2026-05-12 14:00,1724.38,1722.14,1724.93,1713.84,1011165.0
2026-05-12 14:30,1722.3,1719.17,1727.39,1715.65,986133.0
2026-05-12 15:00,1719.57,1723.78,1726.9,1719.56,1614573.0
2026-05-13 10:00,1684.37,1681.88,1711.7,1681.88,3970154.0
2026-05-13 10:30,1681.87,1701.5,1701.98,1677.54,1753748.0
2026-05-13 11:00,1701.65,1710.48,1711.58,1701.65,1367731.0
2026-05-13 11:30,1710.18,1729.89,1734.95,1708.78,1938468.0
2026-05-13 13:30,1729.89,1752.53,1752.53,1729.48,3064298.0
2026-05-13 14:00,1753.55,1758.41,1758.41,1748.97,1887169.0
2026-05-13 14:30,1758.49,1763.61,1764.6,1755.62,1552666.0
2026-05-13 15:00,1763.73,1770.15,1771.49,1763.73,2239013.0
2026-05-14 10:00,1792.34,1757.32,1800.61,1747.85,6871832.0
2026-05-14 10:30,1756.49,1755.0,1763.61,1746.16,2679838.0
2026-05-14 11:00,1754.37,1751.22,1760.67,1738.35,2015853.0
2026-05-14 11:30,1751.21,1742.63,1751.21,1723.7,1932227.0
2026-05-14 13:30,1742.63,1758.29,1764.03,1738.39,2753700.0
2026-05-14 14:00,1757.97,1751.87,1758.29,1740.56,1333188.0
2026-05-14 14:30,1752.09,1754.76,1766.8,1751.05,1141064.0
2026-05-14 15:00,1754.85,1725.09,1757.09,1724.72,2343321.0
2026-05-15 10:00,1724.36,1678.49,1743.38,1678.49,6983127.0
2026-05-15 10:30,1678.49,1696.79,1702.9,1669.99,2883786.0
2026-05-15 11:00,1696.85,1742.77,1747.87,1696.5,2237109.0
2026-05-15 11:30,1743.13,1744.4,1769.8,1736.3,2126343.0
2026-05-15 13:30,1744.4,1719.37,1744.4,1713.91,1888885.0
2026-05-15 14:00,1719.63,1693.6,1719.63,1693.6,1738216.0
2026-05-15 14:30,1693.65,1684.63,1699.02,1684.39,1739372.0
2026-05-15 15:00,1684.42,1696.26,1706.41,1678.11,2004376.0
2026-05-18 10:00,1690.38,1744.37,1744.65,1684.9,5469436.0
2026-05-18 10:30,1744.3,1724.85,1748.1,1724.85,2513850.0
2026-05-18 11:00,1724.99,1716.5,1734.27,1716.18,1476281.0
2026-05-18 11:30,1716.59,1712.79,1723.44,1705.34,1172050.0
2026-05-18 13:30,1712.79,1711.29,1720.75,1707.55,1382805.0
2026-05-18 14:00,1711.45,1700.98,1720.8,1700.41,1116023.0
2026-05-18 14:30,1701.09,1702.68,1708.02,1693.24,1263421.0
2026-05-18 15:00,1702.84,1709.96,1711.2,1697.71,1520090.0
2026-05-19 10:00,1697.4,1686.76,1712.91,1679.37,4489836.0
2026-05-19 10:30,1686.41,1685.43,1701.45,1670.36,2824213.0
2026-05-19 11:00,1685.34,1700.91,1715.27,1685.13,1786214.0
2026-05-19 11:30,1701.47,1727.18,1729.35,1700.08,1115853.0
2026-05-19 13:30,1727.18,1731.2,1731.48,1708.76,1417280.0
2026-05-19 14:00,1730.33,1738.68,1740.64,1727.93,1216279.0
2026-05-19 14:30,1738.69,1762.31,1765.8,1736.26,2113026.0
2026-05-19 15:00,1762.27,1775.13,1776.26,1761.47,2141667.0
2026-05-20 10:00,1764.21,1814.79,1822.34,1764.21,5654809.0
2026-05-20 10:30,1814.2,1815.33,1818.62,1793.18,2807653.0
2026-05-20 11:00,1815.42,1812.03,1823.2,1802.41,2075310.0
2026-05-20 11:30,1812.71,1811.43,1818.38,1799.94,1306828.0
2026-05-20 13:30,1811.43,1816.66,1834.38,1811.43,2157765.0
2026-05-20 14:00,1816.53,1828.35,1831.68,1813.39,1469663.0
2026-05-20 14:30,1827.84,1819.82,1835.22,1818.33,1169114.0
2026-05-20 15:00,1819.81,1832.02,1833.66,1819.81,1811400.0
2026-05-21 10:00,1866.29,1876.17,1883.39,1844.09,6788391.0
2026-05-21 10:30,1875.82,1889.25,1889.25,1865.69,2644372.0
2026-05-21 11:00,1889.59,1857.33,1892.6,1854.96,2097354.0
2026-05-21 11:30,1857.33,1830.9,1861.62,1829.93,1523538.0
2026-05-21 13:30,1830.9,1839.0,1843.22,1825.99,1418401.0
2026-05-21 14:00,1838.81,1824.11,1840.13,1824.11,1290851.0
2026-05-21 14:30,1823.42,1789.9,1826.15,1789.62,2246649.0
2026-05-21 15:00,1789.97,1764.17,1799.43,1759.94,3264482.0
2026-05-22 10:00,1790.74,1778.18,1797.62,1757.81,5063652.0
2026-05-22 10:30,1778.85,1750.59,1789.77,1750.02,2432901.0
2026-05-22 11:00,1750.55,1767.65,1767.74,1747.14,1393360.0
2026-05-22 11:30,1767.85,1763.27,1767.85,1748.46,1268654.0
2026-05-22 13:30,1763.27,1776.37,1781.9,1763.27,2340800.0
2026-05-22 14:00,1776.97,1781.01,1784.98,1776.73,1821327.0
2026-05-22 14:30,1781.6,1793.62,1793.74,1779.03,1491235.0
2026-05-22 15:00,1794.03,1790.77,1797.65,1788.36,1791990.0
2026-05-25 10:00,1791.67,1801.74,1835.45,1774.19,6059519.0
2026-05-25 10:30,1802.01,1828.26,1833.96,1802.01,2876849.0
2026-05-25 11:00,1828.36,1846.75,1847.98,1815.0,1696534.0
2026-05-25 11:30,1847.03,1854.56,1854.56,1833.18,1711923.0
2026-05-25 13:30,1854.56,1870.72,1890.69,1854.56,3160595.0
2026-05-25 14:00,1871.08,1877.57,1880.14,1852.92,1816266.0
2026-05-25 14:30,1877.73,1885.23,1887.32,1877.55,1368575.0
2026-05-25 15:00,1885.07,1896.04,1899.97,1885.07,2807676.0
2026-05-26 10:00,1877.39,1855.8,1878.38,1835.02,6678092.0
2026-05-26 10:30,1855.56,1859.24,1867.05,1840.36,2425535.0
2026-05-26 11:00,1859.32,1855.25,1865.76,1842.44,2022255.0
2026-05-26 11:30,1854.96,1841.35,1857.42,1835.38,1862954.0
2026-05-26 13:30,1841.35,1840.39,1853.06,1836.44,1610636.0
2026-05-26 14:00,1841.07,1833.97,1853.39,1832.45,1321545.0
2026-05-26 14:30,1834.12,1858.02,1859.09,1824.32,1313281.0
2026-05-26 15:00,1858.3,1867.71,1880.65,1858.16,2174587.0
2026-05-27 10:00,1875.42,1888.5,1894.97,1873.97,7642402.0
2026-05-27 10:30,1888.26,1897.13,1899.67,1881.57,2805272.0
2026-05-27 11:00,1897.17,1869.26,1901.97,1860.42,1836025.0
2026-05-27 11:30,1869.34,1851.68,1878.99,1846.74,1604652.0
2026-05-27 13:30,1851.68,1852.82,1859.47,1840.58,1912595.0
2026-05-27 14:00,1852.72,1816.47,1852.72,1810.51,1980562.0
2026-05-27 14:30,1816.52,1838.88,1843.28,1809.7,1732088.0
2026-05-27 15:00,1838.24,1815.45,1839.11,1810.65,2096103.0
2026-05-28 10:00,1805.11,1805.45,1828.56,1796.04,6069090.0
2026-05-28 10:30,1805.46,1823.12,1842.54,1805.46,3349249.0
2026-05-28 11:00,1823.34,1816.43,1842.37,1816.43,2348426.0
2026-05-28 11:30,1816.57,1838.84,1838.85,1813.5,1483739.0
2026-05-28 13:30,1838.84,1839.02,1842.53,1808.68,2947824.0
2026-05-28 14:00,1838.7,1848.55,1851.39,1836.92,1881118.0
2026-05-28 14:30,1849.16,1844.97,1854.52,1841.43,1416691.0
2026-05-28 15:00,1843.91,1844.25,1850.42,1842.21,2043943.0
2026-05-29 10:00,1850.27,1806.33,1855.26,1799.73,7154619.0
2026-05-29 10:30,1806.88,1781.22,1809.26,1772.81,3344973.0
2026-05-29 11:00,1780.99,1788.67,1806.41,1774.83,1776461.0
2026-05-29 11:30,1788.51,1777.24,1789.32,1774.74,1675690.0
2026-05-29 13:30,1777.24,1777.98,1795.7,1771.95,1602007.0
2026-05-29 14:00,1778.37,1749.95,1778.37,1748.32,1763339.0
2026-05-29 14:30,1750.3,1740.15,1751.81,1734.24,2260632.0
2026-05-29 15:00,1741.45,1751.32,1751.32,1727.62,3853653.0
2026-06-01 10:00,1751.23,1727.28,1753.02,1706.4,5558439.0
2026-06-01 10:30,1727.48,1726.28,1747.53,1726.28,1990956.0
2026-06-01 11:00,1725.84,1689.24,1725.91,1688.59,1820210.0
2026-06-01 11:30,1689.54,1694.6,1695.04,1672.72,1527486.0
2026-06-01 13:30,1694.6,1689.33,1712.31,1688.46,1472828.0
2026-06-01 14:00,1689.38,1690.05,1696.04,1685.29,1021329.0
2026-06-01 14:30,1690.31,1675.18,1690.31,1668.98,1415017.0
2026-06-01 15:00,1675.09,1663.69,1678.14,1662.82,2135569.0
2026-06-02 10:00,1676.31,1645.74,1684.39,1641.53,4785242.0
2026-06-02 10:30,1645.48,1675.36,1675.63,1641.17,2290414.0
2026-06-02 11:00,1675.85,1697.71,1697.84,1675.54,1819177.0
2026-06-02 11:30,1697.73,1686.82,1699.02,1676.42,1259129.0
2026-06-02 13:30,1686.82,1703.58,1704.33,1686.82,1497978.0
2026-06-02 14:00,1703.49,1703.93,1710.98,1697.65,1224007.0
2026-06-02 14:30,1703.99,1693.44,1705.94,1685.25,1179749.0
2026-06-02 15:00,1693.53,1690.56,1694.06,1689.93,1520524.0
2026-06-03 10:00,1697.66,1740.52,1740.89,1697.36,5089605.0
2026-06-03 10:30,1740.75,1737.97,1745.02,1720.97,2348724.0
2026-06-03 11:00,1737.89,1756.18,1756.73,1737.78,1510244.0
2026-06-03 11:30,1755.87,1771.29,1773.9,1755.59,1393138.0
2026-06-03 13:30,1771.29,1750.76,1776.2,1750.56,1802440.0
2026-06-03 14:00,1751.48,1742.44,1756.85,1740.77,1168405.0
2026-06-03 14:30,1742.94,1714.7,1748.78,1714.37,1570332.0
2026-06-03 15:00,1715.43,1726.18,1727.88,1701.58,1942666.0
2026-06-04 10:00,1700.31,1752.69,1753.1,1697.22,4160348.0
2026-06-04 10:30,1752.93,1748.64,1759.98,1735.2,2762462.0
2026-06-04 11:00,1748.88,1751.37,1752.61,1738.6,1604636.0
2026-06-04 11:30,1751.36,1738.54,1751.86,1735.13,1161201.0
2026-06-04 13:30,1738.54,1745.22,1749.45,1738.54,1358181.0
2026-06-04 14:00,1745.31,1746.65,1747.66,1738.48,1015735.0
2026-06-04 14:30,1746.42,1736.31,1750.81,1729.13,1278422.0
2026-06-04 15:00,1736.47,1738.06,1740.21,1732.67,1626716.0
2026-06-05 10:00,1706.53,1715.43,1716.36,1684.91,5187728.0
2026-06-05 10:30,1716.34,1732.74,1735.08,1712.4,2042332.0
2026-06-05 11:00,1732.66,1713.56,1732.66,1709.22,1809989.0
2026-06-05 11:30,1713.79,1708.54,1721.97,1701.49,1117434.0
2026-06-05 13:30,1708.54,1687.58,1713.22,1687.47,1679268.0
2026-06-05 14:00,1687.81,1686.41,1697.49,1683.89,1198254.0
2026-06-05 14:30,1686.36,1669.41,1686.36,1667.31,1675627.0
2026-06-05 15:00,1669.34,1668.33,1672.89,1659.48,2125077.0
2026-06-08 10:00,1587.97,1632.15,1633.74,1587.97,4764399.0
2026-06-08 10:30,1632.2,1623.03,1633.92,1606.88,2057063.0
2026-06-08 11:00,1622.76,1621.25,1634.03,1617.02,1347041.0
2026-06-08 11:30,1621.39,1607.78,1622.75,1607.36,1221985.0
2026-06-08 13:30,1607.78,1593.99,1611.6,1593.99,1588253.0
2026-06-08 14:00,1594.17,1596.46,1597.96,1578.18,1977222.0
2026-06-08 14:30,1597.02,1612.39,1612.75,1590.7,1267316.0
2026-06-08 15:00,1612.45,1596.57,1612.75,1593.56,1484220.0
2026-06-09 10:00,1630.23,1624.55,1632.53,1613.78,3650977.0
2026-06-09 10:30,1625.68,1616.33,1629.74,1607.58,1715336.0
2026-06-09 11:00,1616.46,1621.44,1625.61,1613.32,2192303.0
2026-06-09 11:30,1621.71,1644.16,1644.16,1619.41,1595172.0
2026-06-09 13:30,1644.16,1651.31,1657.25,1641.64,1595361.0
2026-06-09 14:00,1651.58,1651.9,1659.61,1647.07,970811.0
2026-06-09 14:30,1652.08,1658.19,1662.47,1652.07,1012450.0
2026-06-09 15:00,1658.23,1663.11,1666.48,1658.23,1366548.0
2026-06-10 10:00,1662.85,1697.26,1722.33,1662.85,5334089.0
2026-06-10 10:30,1696.7,1665.72,1702.37,1665.44,2270561.0
2026-06-10 11:00,1665.56,1660.87,1674.49,1658.03,1396297.0
2026-06-10 11:30,1660.78,1662.81,1673.84,1656.02,961955.0
2026-06-10 13:30,1662.81,1646.61,1662.81,1643.23,1328636.0
2026-06-10 14:00,1646.44,1655.05,1655.05,1632.33,1200826.0
2026-06-10 14:30,1655.07,1651.17,1659.11,1644.56,945386.0
2026-06-10 15:00,1651.21,1652.22,1656.74,1646.06,2473975.0
2026-06-11 10:00,1644.6,1663.34,1676.53,1634.56,4367215.0
2026-06-11 10:30,1663.04,1642.48,1663.04,1637.91,1806712.0
2026-06-11 11:00,1642.64,1657.04,1661.09,1642.26,1367494.0
2026-06-11 11:30,1657.09,1634.93,1657.09,1631.94,1231031.0
2026-06-11 13:30,1634.93,1649.69,1661.55,1634.93,1451079.0
2026-06-11 14:00,1649.75,1655.03,1660.64,1644.88,1139406.0
2026-06-11 14:30,1655.04,1640.99,1657.46,1638.59,1131438.0
2026-06-11 15:00,1641.35,1662.44,1662.87,1641.35,1726319.0
2026-06-12 10:00,1726.01,1718.78,1730.89,1707.01,7502281.0
2026-06-12 10:30,1717.92,1689.84,1722.11,1689.84,2756051.0
2026-06-12 11:00,1689.71,1692.27,1703.86,1688.27,1981401.0
2026-06-12 11:30,1692.2,1681.58,1699.98,1681.28,1610635.0
2026-06-12 13:30,1681.58,1686.4,1689.65,1673.49,1892625.0
2026-06-12 14:00,1686.36,1679.0,1688.51,1674.91,1424527.0
2026-06-12 14:30,1679.11,1672.86,1681.46,1672.51,1489397.0
2026-06-12 15:00,1672.68,1663.22,1673.74,1656.85,2361650.0
2026-06-15 10:00,1687.67,1707.49,1710.1,1658.32,5180633.0
2026-06-15 10:30,1707.93,1730.44,1732.17,1707.53,2667350.0
2026-06-15 11:00,1730.62,1721.71,1731.93,1714.69,1557145.0
2026-06-15 11:30,1721.95,1723.47,1725.46,1713.57,1084643.0
2026-06-15 13:30,1723.47,1725.48,1734.07,1720.05,1892228.0
2026-06-15 14:00,1726.1,1730.4,1732.69,1725.51,1004426.0
2026-06-15 14:30,1730.3,1735.84,1735.91,1725.43,1020541.0
2026-06-15 15:00,1735.79,1748.33,1748.51,1734.37,1733972.0
2026-06-16 10:00,1751.71,1738.99,1752.19,1734.09,4505800.0
2026-06-16 10:30,1738.71,1744.22,1748.33,1729.04,2003629.0
2026-06-16 11:00,1743.71,1744.39,1754.29,1740.55,1515854.0
2026-06-16 11:30,1744.6,1756.9,1757.03,1740.6,1157775.0
2026-06-16 13:30,1756.9,1746.46,1764.74,1743.49,1882339.0
2026-06-16 14:00,1746.41,1750.85,1751.52,1734.96,1167690.0
2026-06-16 14:30,1751.06,1761.1,1766.14,1749.25,1365163.0
2026-06-16 15:00,1761.56,1758.42,1764.28,1752.88,1419968.0
2026-06-17 10:00,1729.23,1741.34,1749.69,1725.9,4191278.0
2026-06-17 10:30,1740.85,1768.52,1770.11,1740.41,2270704.0
2026-06-17 11:00,1767.95,1778.4,1783.55,1766.89,2631837.0
2026-06-17 11:30,1778.2,1776.26,1790.19,1766.95,1718461.0
2026-06-17 13:30,1776.26,1813.66,1813.66,1776.14,2133484.0
2026-06-17 14:00,1813.7,1825.67,1835.55,1811.94,1824269.0
2026-06-17 14:30,1825.81,1819.05,1828.05,1816.66,1181791.0
2026-06-17 15:00,1818.65,1840.82,1841.37,1818.65,2066489.0
2026-06-18 10:00,1837.07,1886.57,1886.57,1836.04,5003075.0
2026-06-18 10:30,1886.24,1893.9,1895.8,1868.34,2616162.0
2026-06-18 11:00,1892.69,1903.46,1914.02,1892.69,2025073.0
2026-06-18 11:30,1902.62,1907.11,1909.84,1892.37,1409961.0
2026-06-18 13:30,1907.11,1931.94,1937.3,1907.11,2089308.0
2026-06-18 14:00,1932.03,1926.34,1937.01,1917.2,1366552.0
2026-06-18 14:30,1926.5,1921.82,1930.52,1920.55,1060946.0
2026-06-18 15:00,1921.83,1911.51,1929.14,1902.98,2139922.0
2026-06-22 10:00,1922.47,1948.31,1963.33,1920.52,5793982.0
2026-06-22 10:30,1948.06,1905.95,1954.04,1905.76,2996119.0
2026-06-22 11:00,1905.47,1888.54,1919.81,1880.15,2245040.0
2026-06-22 11:30,1888.73,1911.91,1912.11,1879.59,1380529.0
2026-06-22 13:30,1911.91,1905.74,1926.19,1898.88,1812523.0
2026-06-22 14:00,1905.13,1924.99,1930.17,1903.85,1433954.0
2026-06-22 14:30,1925.25,1941.93,1944.85,1925.25,1697879.0
2026-06-22 15:00,1942.33,1948.93,1951.99,1941.11,1831308.0
2026-06-23 10:00,1929.27,1914.42,1952.89,1896.79,5052720.0
2026-06-23 10:30,1914.44,1975.49,1982.91,1914.44,3158987.0
2026-06-23 11:00,1975.17,1960.12,1982.78,1955.3,2155796.0
2026-06-23 11:30,1961.01,1940.65,1963.41,1931.62,1272258.0
2026-06-23 13:30,1940.65,1922.58,1940.65,1920.98,1533627.0
2026-06-23 14:00,1922.73,1918.97,1936.02,1918.7,1171444.0
2026-06-23 14:30,1918.86,1890.61,1921.91,1890.16,1748044.0
2026-06-23 15:00,1890.39,1916.21,1920.65,1890.39,2044419.0
2026-06-24 10:00,1896.34,1950.58,1951.28,1886.74,4966242.0
2026-06-24 10:30,1950.77,1974.29,1974.41,1936.59,2892898.0
2026-06-24 11:00,1973.88,1928.62,1975.25,1924.22,2030095.0
2026-06-24 11:30,1928.77,1963.82,1963.94,1922.29,1201617.0
2026-06-24 13:30,1963.82,1993.38,1996.78,1963.2,2497462.0
2026-06-24 14:00,1993.14,1972.62,1996.76,1969.79,1530199.0
2026-06-24 14:30,1972.56,1994.18,1996.62,1969.73,1310145.0
2026-06-24 15:00,1994.18,1989.43,1997.9,1982.24,2103870.0
2026-06-25 10:00,2004.77,2040.02,2062.08,2001.11,5954316.0
2026-06-25 10:30,2040.85,2034.67,2053.32,2015.47,2767788.0
2026-06-25 11:00,2034.57,2031.05,2037.63,2000.8,2173268.0
2026-06-25 11:30,2030.61,2072.5,2076.88,2029.38,1541867.0
2026-06-25 13:30,2072.5,2063.75,2075.29,2051.69,1844271.0
2026-06-25 14:00,2063.51,2049.89,2072.11,2049.3,1215660.0
2026-06-25 14:30,2049.97,2067.31,2069.62,2049.97,1169284.0
2026-06-25 15:00,2067.84,2066.33,2070.52,2055.87,1843578.0
2026-06-26 10:00,2034.43,2052.3,2076.47,2021.98,6426290.0
2026-06-26 10:30,2052.59,2016.45,2057.51,2016.29,2773064.0
2026-06-26 11:00,2016.67,1995.94,2026.98,1976.92,2369714.0
2026-06-26 11:30,1993.79,2012.53,2013.02,1987.37,1632812.0
2026-06-26 13:30,2012.53,2035.69,2054.76,2003.06,2029967.0
2026-06-26 14:00,2035.84,2055.01,2064.23,2035.76,1276974.0
2026-06-26 14:30,2054.75,2038.63,2056.44,2034.28,1269548.0
2026-06-26 15:00,2038.65,2032.28,2048.03,2031.01,1916801.0
2026-06-29 10:00,2039.67,2110.08,2116.83,2039.67,6583077.0
2026-06-29 10:30,2111.85,2057.12,2113.21,2039.75,4094528.0
2026-06-29 11:00,2057.87,2068.62,2071.49,2013.51,2292401.0
2026-06-29 11:30,2069.61,2063.94,2084.2,2055.34,1351496.0
2026-06-29 13:30,2063.94,2081.58,2081.58,2042.14,1493545.0
2026-06-29 14:00,2081.17,2105.38,2110.08,2077.63,1498174.0
2026-06-29 14:30,2105.17,2095.64,2113.05,2090.38,1218333.0
2026-06-29 15:00,2096.25,2126.01,2127.8,2096.25,2129930.0
2026-06-30 10:00,2132.88,2171.42,2179.05,2113.95,7009323.0
2026-06-30 10:30,2172.0,2167.53,2185.96,2153.14,2759480.0
2026-06-30 11:00,2167.67,2182.26,2187.85,2163.49,1825390.0
2026-06-30 11:30,2182.27,2200.53,2201.24,2179.05,1514352.0
2026-06-30 13:30,2200.53,2204.36,2208.36,2180.4,1684801.0
2026-06-30 14:00,2204.71,2203.83,2211.08,2191.25,1503058.0
2026-06-30 14:30,2204.3,2192.99,2211.28,2190.59,1355564.0
2026-06-30 15:00,2192.98,2207.86,2214.61,2192.84,1965893.0
2026-07-01 10:00,2205.66,2227.3,2241.74,2199.83,6574473.0
2026-07-01 10:30,2227.69,2237.9,2255.25,2216.23,3107001.0
2026-07-01 11:00,2238.46,2215.8,2238.81,2186.21,3106099.0
2026-07-01 11:30,2215.85,2201.01,2226.63,2189.51,1924092.0
2026-07-01 13:30,2201.01,2157.92,2201.01,2153.21,2470432.0
2026-07-01 14:00,2158.08,2157.04,2168.6,2132.73,2003852.0
2026-07-01 14:30,2157.32,2131.66,2163.32,2129.7,1357766.0
2026-07-01 15:00,2131.67,2153.04,2155.23,2120.36,2037239.0
2026-07-02 10:00,2059.9,2077.33,2091.63,2022.64,7191397.0
2026-07-02 10:30,2079.37,2072.88,2105.29,2064.75,2439821.0
2026-07-02 11:00,2070.99,2064.85,2094.05,2063.25,1741214.0
2026-07-02 11:30,2064.0,2053.69,2080.56,2050.42,1367490.0
2026-07-02 13:30,2053.69,2023.31,2054.61,2023.31,1857062.0
2026-07-02 14:00,2023.1,2014.77,2025.08,2004.06,1908365.0
2026-07-02 14:30,2014.92,2002.15,2025.73,2000.34,1543196.0
2026-07-02 15:00,2002.28,1987.29,2011.49,1978.32,2864818.0
2026-07-03 10:00,1978.75,1976.76,1994.63,1948.17,5747133.0
2026-07-03 10:30,1977.34,1976.08,1992.97,1959.3,2328340.0
2026-07-03 11:00,1977.38,2016.22,2017.19,1974.75,1731871.0
2026-07-03 11:30,2015.68,2008.07,2028.37,1998.64,1495570.0
2026-07-03 13:30,2008.07,2001.82,2039.31,1996.85,1876271.0
2026-07-03 14:00,2001.44,2009.59,2018.91,2001.33,1088735.0
2026-07-03 14:30,2009.4,1988.64,2018.21,1987.8,1232376.0
2026-07-03 15:00,1988.49,1975.6,1994.01,1975.6,2083512.0
2026-07-06 10:00,2015.18,1990.6,2017.13,1973.2,4482577.0
2026-07-06 10:30,1990.53,1936.68,1991.27,1934.89,2725149.0
2026-07-06 11:00,1936.46,1940.97,1941.15,1913.82,2484437.0
2026-07-06 11:30,1940.28,2014.38,2014.85,1938.4,1896774.0
2026-07-06 13:30,2014.38,1995.68,2017.14,1980.57,1314559.0
2026-07-06 14:00,1993.13,2016.06,2022.91,1983.72,1142666.0
2026-07-06 14:30,2015.53,1994.88,2015.53,1987.53,946585.0
2026-07-06 15:00,1994.92,1996.1,2004.51,1992.6,1519250.0
2026-07-07 10:00,1965.8,2026.9,2029.96,1950.98,4241427.0
2026-07-07 10:30,2026.43,2020.34,2036.35,2009.95,2287751.0
2026-07-07 11:00,2020.17,2022.03,2039.6,2015.03,1301060.0
2026-07-07 11:30,2022.01,2009.24,2027.73,1999.34,1082826.0
2026-07-07 13:30,2009.24,2001.89,2009.24,1972.79,1580328.0
2026-07-07 14:00,2002.14,2012.46,2023.65,2002.14,1212862.0
2026-07-07 14:30,2011.94,2001.1,2015.04,1992.6,924077.0
2026-07-07 15:00,2001.22,2001.59,2009.45,1996.71,1342919.0
2026-07-08 10:00,2022.45,1983.43,2039.1,1973.92,5023128.0
2026-07-08 10:30,1982.97,2010.93,2010.93,1961.64,2288633.0
2026-07-08 11:00,2011.33,2010.88,2024.0,2004.44,1246154.0
2026-07-08 11:30,2010.68,2064.2,2078.64,2010.15,1978984.0
2026-07-08 13:30,2064.2,2043.18,2064.2,2031.16,1582157.0
2026-07-08 14:00,2043.13,2047.15,2052.74,2030.08,1052676.0
2026-07-08 14:30,2047.38,2038.3,2049.56,2034.21,837520.0
2026-07-08 15:00,2038.42,2016.23,2041.87,2012.58,1711336.0
2026-07-09 10:00,2047.24,2030.68,2061.87,2024.67,4277668.0
2026-07-09 10:30,2030.79,2079.56,2083.52,2023.54,2531868.0
2026-07-09 11:00,2079.63,2066.57,2090.28,2063.35,1928657.0
2026-07-09 11:30,2067.09,2080.5,2084.8,2056.18,1276994.0
2026-07-09 13:30,2080.5,2108.43,2113.86,2077.41,2008625.0
2026-07-09 14:00,2107.92,2146.87,2146.87,2096.95,2252137.0
2026-07-09 14:30,2147.21,2163.62,2169.26,2139.86,1957414.0
2026-07-09 15:00,2164.15,2185.83,2188.98,2162.6,2347242.0
2026-07-10 10:00,2190.18,2201.2,2233.54,2186.27,7832946.0
2026-07-10 10:30,2201.22,2210.57,2216.63,2169.85,4005814.0
2026-07-10 11:00,2211.03,2189.2,2211.13,2172.99,1885699.0
2026-07-10 11:30,2188.96,2176.83,2189.37,2167.87,1287061.0
2026-07-10 13:30,2176.83,2169.87,2188.21,2161.52,1873745.0
2026-07-10 14:00,2170.51,2136.14,2173.95,2136.04,1821906.0
2026-07-10 14:30,2135.86,2115.51,2142.79,2110.81,1746736.0
2026-07-10 15:00,2115.41,2064.98,2115.61,2064.98,2619522.0
2026-07-13 10:00,2038.36,2062.09,2110.18,2038.36,5730618.0
2026-07-13 10:30,2060.93,2096.72,2097.57,2046.37,2237232.0
2026-07-13 11:00,2096.66,2062.15,2099.81,2055.34,1682067.0
2026-07-13 11:30,2062.05,2026.96,2062.25,2026.2,1627283.0
2026-07-13 13:30,2026.96,1989.14,2030.06,1981.81,1990041.0
2026-07-13 14:00,1990.23,2013.26,2037.2,1990.23,1507632.0
2026-07-13 14:30,2014.06,1987.83,2014.9,1980.99,1399233.0
2026-07-13 15:00,1988.22,1994.32,2009.97,1974.05,2163831.0
2026-07-14 10:00,1994.44,1982.26,2007.8,1959.83,4195584.0
2026-07-14 10:30,1981.2,1976.9,2005.68,1960.2,1972547.0
2026-07-14 11:00,1977.01,1921.2,1986.8,1920.91,1902456.0
2026-07-14 11:30,1921.07,1925.43,1931.5,1895.56,1932589.0
2026-07-14 13:30,1925.43,2011.78,2011.81,1925.43,2067514.0
2026-07-14 14:00,2012.46,1976.5,2026.47,1967.39,1401066.0
2026-07-14 14:30,1975.91,1984.32,1988.11,1971.66,867705.0
2026-07-14 15:00,1984.48,2009.73,2020.76,1983.57,1674489.0
2026-07-15 10:00,2021.58,1969.07,2028.65,1944.3,4566754.0
2026-07-15 10:30,1969.37,1980.49,1985.05,1947.43,1813266.0
2026-07-15 11:00,1981.18,1939.28,1987.37,1936.96,1380005.0
2026-07-15 11:30,1938.94,1936.06,1945.8,1920.71,1245544.0
2026-07-15 13:30,1936.06,1957.32,1959.05,1908.18,1615238.0
2026-07-15 14:00,1957.93,1935.98,1963.12,1934.22,966182.0
2026-07-15 14:30,1936.34,1927.62,1936.34,1922.62,1075647.0
2026-07-15 15:00,1927.26,1924.27,1934.33,1917.47,1619297.0
2026-07-16 10:00,1869.94,1935.41,1938.58,1842.49,4321670.0
2026-07-16 10:30,1934.66,1927.22,1947.25,1910.65,1741151.0
2026-07-16 11:00,1927.01,1931.68,1936.0,1898.42,1256475.0
2026-07-16 11:30,1931.52,1905.87,1931.71,1895.29,852274.0
2026-07-16 13:30,1905.87,1877.34,1906.39,1876.12,1288156.0
2026-07-16 14:00,1877.55,1861.09,1877.55,1856.34,1390905.0
2026-07-16 14:30,1860.99,1848.55,1875.48,1847.74,1235530.0
2026-07-16 15:00,1848.54,1846.88,1849.39,1828.57,2140621.0
2026-07-17 10:00,1829.98,1837.04,1844.38,1770.07,4650765.0
2026-07-17 10:30,1837.48,1788.67,1837.48,1784.25,1784343.0
2026-07-17 11:00,1788.43,1780.9,1788.66,1762.61,1572715.0
2026-07-17 11:30,1781.07,1763.22,1806.44,1761.83,1166805.0
2026-07-17 13:30,1763.22,1745.53,1763.69,1722.89,2003480.0
2026-07-17 14:00,1746.65,1739.74,1749.97,1698.32,1910600.0
2026-07-17 14:30,1740.35,1754.14,1793.4,1740.25,1621064.0
2026-07-17 15:00,1753.93,1715.4,1761.15,1707.87,1919252.0
2026-07-20 10:00,1764.59,1741.99,1776.07,1713.22,4713020.0
2026-07-20 10:30,1742.08,1692.9,1757.13,1692.9,2091482.0
2026-07-20 11:00,1692.06,1734.78,1736.11,1675.41,1599020.0
2026-07-20 11:30,1735.07,1712.12,1753.25,1710.15,1106391.0
2026-07-20 13:30,1712.12,1682.35,1719.65,1682.35,1246940.0
2026-07-20 14:00,1682.0,1661.5,1687.52,1656.48,1812018.0
2026-07-20 14:30,1663.02,1662.85,1698.12,1657.17,1834913.0
2026-07-20 15:00,1662.49,1718.69,1731.65,1646.39,3581009.0
2026-07-21 10:00,1747.49,1695.31,1747.49,1684.81,4569592.0
2026-07-21 10:30,1695.25,1732.38,1736.12,1663.85,3117565.0
2026-07-21 11:00,1733.27,1793.56,1802.86,1733.27,2954896.0
2026-07-21 11:30,1793.93,1837.94,1838.09,1793.18,2203975.0
2026-07-21 13:30,1837.94,1833.63,1855.03,1818.55,1873552.0
2026-07-21 14:00,1833.81,1850.21,1862.69,1824.47,1104841.0
2026-07-21 14:30,1850.22,1872.66,1882.0,1850.22,1500344.0
2026-07-21 15:00,1873.02,1903.16,1904.86,1872.69,2187980.0
2026-07-22 10:00,1874.78,1897.77,1916.12,1873.03,5701971.0
2026-07-22 10:30,1897.53,1926.98,1932.06,1887.47,2369233.0
2026-07-22 11:00,1926.37,1906.41,1926.37,1882.45,1678385.0
2026-07-22 11:30,1906.14,1932.5,1934.61,1888.31,1282685.0
2026-07-22 13:30,1932.5,1869.88,1932.5,1868.22,1412536.0
2026-07-22 14:00,1869.25,1854.93,1879.05,1851.08,1130816.0
2026-07-22 14:30,1855.21,1854.84,1876.07,1836.11,1165204.0
2026-07-22 15:00,1854.88,1860.08,1873.0,1852.08,1497781.0
2026-07-23 10:00,1876.61,1828.91,1876.99,1827.51,3179815.0
2026-07-23 10:30,1828.29,1790.01,1828.29,1782.82,2257819.0
2026-07-23 11:00,1790.42,1789.97,1806.4,1783.49,1288862.0
2026-07-23 11:30,1790.0,1783.94,1796.43,1770.53,1009608.0
2026-07-23 13:30,1783.94,1806.2,1813.97,1783.94,966846.0
2026-07-23 14:00,1806.1,1793.09,1820.63,1792.27,996004.0
2026-07-23 14:30,1792.68,1789.98,1795.75,1782.35,870848.0
2026-07-23 15:00,1790.56,1789.69,1798.8,1788.66,1354467.0
2026-07-24 10:00,1766.26,1799.13,1807.31,1748.8,3005817.0
2026-07-24 10:30,1799.17,1802.86,1807.47,1781.56,1173889.0
2026-07-24 11:00,1802.68,1795.67,1808.61,1784.75,948344.0
2026-07-24 11:30,1796.43,1794.48,1798.1,1778.88,754433.0
2026-07-24 13:30,1794.48,1819.23,1831.28,1794.48,1388866.0
2026-07-24 14:00,1819.05,1797.86,1819.05,1796.18,780525.0
2026-07-24 14:30,1797.81,1804.1,1808.28,1786.58,757512.0
2026-07-24 15:00,1804.1,1787.2,1809.03,1785.35,1368140.0
2026-07-27 10:00,1780.72,1803.73,1816.43,1724.47,3322090.0
2026-07-27 10:30,1803.07,1795.53,1806.93,1777.52,1548872.0
2026-07-27 11:00,1795.09,1769.16,1795.09,1765.52,965529.0
2026-07-27 11:30,1768.83,1778.79,1790.99,1767.26,671909.0
2026-07-27 13:30,1778.79,1760.28,1788.07,1754.96,874996.0
2026-07-27 14:00,1759.68,1764.17,1771.82,1748.32,727814.0
2026-07-27 14:30,1764.59,1785.23,1785.38,1762.99,722506.0
2026-07-27 15:00,1785.42,1807.95,1808.76,1785.42,1513581.0
2026-07-28 10:00,1755.87,1763.11,1797.58,1754.2,3001343.0
2026-07-28 10:30,1762.47,1753.22,1783.68,1752.08,1361213.0
2026-07-28 11:00,1753.76,1730.11,1756.75,1729.7,1241376.0
2026-07-28 11:30,1729.63,1735.01,1747.57,1724.7,944971.0
2026-07-28 13:30,1735.01,1712.61,1735.84,1711.89,920877.0
2026-07-28 14:00,1712.4,1706.97,1729.8,1701.47,895974.0
2026-07-28 14:30,1707.31,1697.58,1710.23,1689.93,918333.0
2026-07-28 15:00,1697.66,1693.48,1698.25,1675.99,1599857.0
2026-07-29 10:00,1704.58,1635.13,1711.58,1628.23,3570345.0
2026-07-29 10:30,1634.58,1652.76,1657.95,1608.14,2609161.0
2026-07-29 11:00,1653.7,1616.41,1656.45,1613.76,1730247.0
2026-07-29 11:30,1616.49,1622.03,1647.7,1615.13,1055758.0
2026-07-29 13:30,1622.03,1677.89,1687.09,1610.13,1937720.0
2026-07-29 14:00,1677.69,1672.19,1694.65,1662.64,1249521.0
2026-07-29 14:30,1672.67,1671.71,1679.63,1657.57,710076.0
2026-07-29 15:00,1671.59,1678.74,1687.75,1668.49,1355707.0
2026-07-30 10:00,1653.47,1636.04,1671.51,1626.2,3328617.0
2026-07-30 10:30,1634.76,1611.34,1637.28,1610.7,2119416.0
2026-07-30 11:00,1612.87,1588.95,1615.74,1585.83,1569350.0
2026-07-30 11:30,1588.27,1572.25,1598.83,1569.76,1329945.0
2026-07-30 13:30,1572.25,1617.14,1623.3,1562.0,2028604.0
2026-07-30 14:00,1616.37,1610.87,1619.51,1588.88,1361029.0
2026-07-30 14:30,1610.86,1623.67,1638.43,1604.52,1158045.0
2026-07-30 15:00,1623.14,1588.41,1629.69,1581.16,1800669.0
2026-07-31 10:00,1721.36,1725.9,1731.21,1686.08,5949229.0
2026-07-31 10:30,1725.47,1685.7,1726.14,1680.36,2186208.0
2026-07-31 11:00,1685.77,1685.06,1692.6,1673.03,1241428.0
2026-07-31 11:30,1684.84,1682.27,1685.66,1662.5,955413.0
2026-07-31 13:30,1682.27,1686.0,1698.3,1674.3,972642.0
2026-07-31 14:00,1685.94,1667.7,1685.94,1664.6,754100.0
2026-07-31 14:30,1667.72,1669.31,1673.52,1656.64,850890.0
2026-07-31 15:00,1669.16,1635.96,1669.16,1635.68,1597500.0
2026-08-03 10:00,1619.29,1576.42,1621.99,1568.41,4052574.0
2026-08-03 10:30,1576.96,1565.56,1588.35,1564.82,1961161.0
2026-08-03 11:00,1565.48,1582.42,1587.49,1565.48,1241220.0
2026-08-03 11:30,1582.82,1575.01,1591.9,1569.76,816250.0
2026-08-03 13:30,1575.01,1565.36,1581.63,1564.99,865173.0
2026-08-03 14:00,1565.27,1559.08,1566.38,1559.08,931661.0
2026-08-03 14:30,1560.5,1560.05,1569.04,1549.74,1040618.0
2026-08-03 15:00,1560.48,1552.89,1562.61,1549.79,1426329.0
2026-08-04 10:00,1569.62,1593.7,1601.24,1556.11,3299190.0
2026-08-04 10:30,1593.12,1576.39,1593.18,1571.0,1428467.0
2026-08-04 11:00,1576.47,1580.27,1591.67,1575.97,875246.0
2026-08-04 11:30,1580.21,1598.13,1600.77,1574.34,740507.0
2026-08-04 13:30,1598.13,1616.16,1616.16,1598.13,1406230.0
2026-08-04 14:00,1616.46,1626.69,1630.68,1616.46,1221522.0
2026-08-04 14:30,1627.18,1621.33,1631.01,1616.09,996098.0
2026-08-04 15:00,1621.54,1616.36,1622.93,1609.73,1377083.0
2026-08-05 10:00,1615.26,1660.44,1676.72,1615.26,3364652.0
2026-08-05 10:30,1660.61,1658.25,1666.17,1632.62,1902333.0
2026-08-05 11:00,1658.6,1671.43,1676.89,1647.82,1174520.0
2026-08-05 11:30,1671.33,1700.05,1702.94,1671.33,1442607.0
2026-08-05 13:30,1700.05,1702.46,1709.96,1684.46,1393516.0
2026-08-05 14:00,1702.11,1709.37,1715.28,1698.16,1188085.0
2026-08-05 14:30,1709.22,1693.15,1709.22,1683.97,1131187.0
2026-08-05 15:00,1692.88,1693.67,1694.87,1685.09,1359569.0
2026-08-06 10:00,1651.11,1691.46,1692.31,1651.11,3399170.0
2026-08-06 10:30,1691.67,1708.32,1712.08,1682.59,1755381.0
2026-08-06 11:00,1708.35,1715.91,1727.73,1701.16,1670378.0
2026-08-06 11:30,1715.38,1690.91,1715.38,1680.44,1260752.0
2026-08-06 13:30,1690.91,1682.71,1699.75,1682.54,858489.0
2026-08-06 14:00,1682.36,1684.55,1690.97,1677.29,911752.0
2026-08-06 14:30,1684.42,1696.01,1696.01,1672.05,890738.0
2026-08-06 15:00,1696.31,1701.29,1706.29,1693.87,1270518.0
2026-08-07 10:00,1697.37,1707.1,1713.28,1686.66,3089716.0
2026-08-07 10:30,1706.99,1727.07,1734.0,1705.94,1920760.0
2026-08-07 11:00,1727.05,1723.97,1739.77,1723.72,1367779.0
2026-08-07 11:30,1723.66,1718.59,1728.18,1706.32,1175154.0
2026-08-07 13:30,1718.59,1742.74,1742.74,1718.39,1205284.0
2026-08-07 14:00,1742.54,1732.96,1747.74,1732.96,975010.0
2026-08-07 14:30,1732.62,1726.83,1740.48,1719.81,969642.0
2026-08-07 15:00,1726.97,1744.02,1744.02,1726.97,1438073.0
2026-08-10 10:00,1740.14,1734.17,1752.93,1717.46,3927481.0
2026-08-10 10:30,1734.0,1720.92,1734.0,1709.59,1826782.0
2026-08-10 11:00,1721.02,1722.24,1722.34,1708.45,885421.0
2026-08-10 11:30,1722.03,1716.69,1736.64,1713.0,723553.0
2026-08-10 13:30,1716.69,1704.43,1716.69,1704.08,910848.0
2026-08-10 14:00,1704.45,1706.31,1716.42,1704.45,631438.0
2026-08-10 14:30,1706.48,1727.47,1727.47,1706.48,706882.0
2026-08-10 15:00,1728.13,1737.77,1738.04,1721.8,1204769.0
2026-08-11 10:00,1713.26,1711.4,1733.16,1709.45,3650489.0
2026-08-11 10:30,1711.1,1736.19,1737.14,1699.92,1715501.0
2026-08-11 11:00,1735.84,1750.63,1750.81,1731.6,1397693.0
2026-08-11 11:30,1750.66,1740.62,1753.14,1735.19,993855.0
2026-08-11 13:30,1740.62,1731.77,1742.84,1730.68,936890.0
2026-08-11 14:00,1731.59,1732.8,1743.2,1731.49,699670.0
2026-08-11 14:30,1732.83,1717.4,1732.83,1715.57,981176.0
2026-08-11 15:00,1717.88,1709.5,1719.27,1707.3,1454901.0
2026-08-12 10:00,1720.36,1724.29,1739.18,1709.16,2767046.0
2026-08-12 10:30,1723.94,1727.69,1735.21,1715.41,1332192.0
2026-08-12 11:00,1727.27,1733.92,1744.79,1727.27,1202223.0
2026-08-12 11:30,1733.78,1745.15,1747.92,1733.78,853617.0
2026-08-12 13:30,1745.15,1725.56,1747.26,1725.56,901480.0
2026-08-12 14:00,1725.57,1727.31,1736.04,1725.45,639727.0
2026-08-12 14:30,1727.19,1733.17,1733.66,1722.79,688704.0
2026-08-12 15:00,1733.13,1736.99,1739.83,1731.43,1357555.0
2026-08-13 10:00,1763.46,1764.19,1781.52,1758.52,2933058.0
2026-08-13 10:30,1764.38,1772.08,1780.35,1762.89,1587022.0
2026-08-13 11:00,1771.55,1765.51,1772.1,1758.74,983215.0
2026-08-13 11:30,1765.72,1770.03,1774.95,1763.17,786615.0
2026-08-13 13:30,1770.03,1772.83,1782.78,1767.18,855419.0
2026-08-13 14:00,1772.85,1751.78,1774.47,1751.78,818953.0
2026-08-13 14:30,1751.76,1744.74,1763.37,1743.47,887510.0
2026-08-13 15:00,1745.15,1717.75,1746.12,1715.34,1725733.0
2026-08-14 10:00,1738.82,1722.42,1741.35,1715.35,2773641.0
2026-08-14 10:30,1722.38,1717.3,1724.63,1713.39,1089148.0
2026-08-14 11:00,1718.52,1707.94,1722.92,1706.62,979335.0
2026-08-14 11:30,1707.97,1707.94,1708.32,1698.81,722747.0
2026-08-14 13:30,1707.94,1699.69,1709.97,1690.68,787806.0
2026-08-14 14:00,1700.49,1718.3,1718.3,1700.44,692841.0
2026-08-14 14:30,1718.4,1718.03,1720.24,1710.22,651783.0
2026-08-14 15:00,1717.91,1717.68,1718.02,1708.64,987838.0
2026-08-17 10:00,1721.55,1733.15,1752.76,1718.61,3023680.0
2026-08-17 10:30,1732.83,1746.12,1756.84,1726.64,1506943.0
2026-08-17 11:00,1745.77,1770.32,1771.47,1745.77,1118399.0
2026-08-17 11:30,1770.57,1769.93,1771.72,1758.76,900847.0
2026-08-17 13:30,1769.93,1767.99,1781.08,1765.39,1084983.0
2026-08-17 14:00,1768.05,1775.05,1776.81,1768.05,722623.0
2026-08-17 14:30,1774.98,1778.29,1781.77,1774.05,887992.0
2026-08-17 15:00,1778.49,1788.85,1788.85,1773.36,1602098.0
2026-08-18 10:00,1786.37,1778.45,1798.78,1774.43,3431760.0
2026-08-18 10:30,1778.64,1772.27,1792.96,1765.57,1827629.0
2026-08-18 11:00,1771.95,1761.61,1784.84,1760.23,1179256.0
2026-08-18 11:30,1761.61,1776.1,1781.11,1753.97,1037439.0
2026-08-18 13:30,1776.1,1763.82,1777.25,1759.82,856479.0
2026-08-18 14:00,1763.96,1779.31,1786.56,1759.67,758615.0
2026-08-18 14:30,1779.01,1787.65,1788.58,1773.49,892277.0
2026-08-18 15:00,1787.93,1790.87,1796.83,1786.72,1196466.0
2026-08-19 10:00,1738.91,1728.71,1748.52,1727.33,3393726.0
2026-08-19 10:30,1728.57,1698.3,1730.65,1698.3,1925955.0
2026-08-19 11:00,1698.44,1697.06,1708.3,1685.32,1288531.0
2026-08-19 11:30,1697.52,1682.2,1700.56,1682.08,892726.0
2026-08-19 13:30,1682.2,1682.91,1687.65,1662.88,1384075.0
2026-08-19 14:00,1682.81,1674.03,1693.44,1673.33,768115.0
2026-08-19 14:30,1673.66,1666.65,1678.67,1666.55,836738.0
2026-08-19 15:00,1666.5,1667.52,1674.91,1653.67,1738119.0
2026-08-20 10:00,1685.48,1690.86,1694.36,1665.9,2794598.0
2026-08-20 10:30,1690.89,1669.51,1691.61,1661.07,1388526.0
2026-08-20 11:00,1669.36,1670.17,1677.04,1662.08,732103.0
2026-08-20 11:30,1669.82,1665.97,1672.59,1660.32,676241.0
